Name;Class;Class No.;Old row;Max Phase;Molecular Weight;Targets;Bioactivities;AlogP;PSA;HBA;HBD;#RO5 Violations;#Rotatable Bonds;QED Weighted;CX ApKa;CX BpKa;CX LogP;CX LogD;Aromatic Rings;Inorganic Flag;Heavy Atoms;HBA Lipinski;HBD Lipinski;#RO5 Violations (Lipinski);Molecular Weight (Monoisotopic);Type_Antibody;Type_Oligosaccharide;Type_Protein;Type_Small molecule;Type_Unknown;Passes Ro3_N;Passes Ro3_Y;Structure Type_BOTH;Structure Type_MOL;Structure Type_NONE;Structure Type_SEQ;Molecular Species_ACID;Molecular Species_BASE;Molecular Species_NEUTRAL;Molecular Species_ZWITTERION
EPIRUBICIN HYDROCHLORIDE;anthracycline;3;0;4;579.99;42;201;0;206.07;12;6;3;5;0.24;8;9.03;0.53;0.1;2;0;39;12;7;3;543.1741;0;0;0;1;0;1;0;0;1;0;0;0;1;0;0
BEDAQUILINE FUMARATE;diarylquinoline;24;7;4;671.59;1;1;7.13;45.59;4;1;2;8;0.22;13.61;8.91;7.13;5.61;5;0;37;4;1;2;554.1569;0;0;0;1;0;1;0;0;1;0;0;0;1;0;0
DIRITHROMYCIN;glycopeptide;9;14;4;835.09;17;26;2.2;196.33;16;5;2;12;0.14;12.48;13.48;2.95;0.46;0;0;58;16;5;2;834.5453;0;0;0;1;0;1;0;0;1;0;0;0;1;0;0
DIRITHROMYCIN;macrolide;15;14;4;835.09;17;26;2.2;196.33;16;5;2;12;0.14;12.48;13.48;2.95;0.46;0;0;58;16;5;2;834.5453;0;0;0;1;0;1;0;0;1;0;0;0;1;0;0
MECLOCYCLINE;tetracycline;29;15;0;476.87;3;25;0.22;181.62;9;6;1;2;0.32;2.61;7.75;-2.95;-3.45;1;0;33;10;7;1;476.0986;0;0;0;1;0;1;0;0;1;0;0;1;0;0;0
TRICHOSTATIN;HDACi;11;19;1;302.37;131;1023;2.58;69.64;4;2;0;6;0.28;9.57;3.36;2.41;2.41;1;0;22;5;2;0;302.163;0;0;0;1;0;1;0;0;1;0;0;0;0;1;0
PAROMOMYCIN;aminoglycoside;2;23;4;615.63;48;323;-8.86;347.32;19;13;3;9;0.11;12.15;9.59;-8.31;-13.96;0;0;42;19;18;3;615.2963;0;0;0;1;0;1;0;0;1;0;0;0;1;0;0
KANAMYCIN;aminoglycoside;2;24;4;484.5;238;2013;-7.29;282.61;15;11;2;6;0.17;12.05;9.34;-7.06;-12.2;0;0;33;15;15;2;484.2381;0;0;0;1;0;1;0;0;1;0;0;0;1;0;0
RAZUPENEM;carbapenem;4;30;2;407.52;5;178;1.76;102.76;7;3;0;5;0.64;2.88;9.81;-1.75;-1.75;1;0;27;7;3;0;407.0973;0;0;0;1;0;1;0;0;1;0;0;0;0;0;1
AMRUBICIN;anthracycline;3;31;3;483.47;4;6;0.63;176.61;10;5;0;3;0.33;8.1;7.02;1.74;1.81;2;0;35;10;6;1;483.1529;0;0;0;1;0;1;0;0;1;0;0;0;0;1;0
IDARUBICIN HYDROCHLORIDE;anthracycline;3;36;4;533.96;44;85;1.02;176.61;10;5;0;3;0.33;8.02;9.18;1.51;1.06;2;0;36;10;6;1;497.1686;0;0;0;1;0;1;0;0;1;0;0;0;1;0;0
;undefinded;30;37;0;773.02;3;3;1.9;180.08;14;5;2;7;0.19;11.31;14.34;2.43;-1.08;0;-1;54;14;5;2;772.5085;0;0;0;1;0;1;0;0;1;0;0;0;1;0;0
SULFAMETHIZOLE;sulfonamide;28;44;4;270.34;131;366;1.23;97.97;6;2;0;3;0.82;6.71;1.95;0.21;-0.36;2;0;17;6;3;0;270.0245;0;0;0;1;0;1;0;0;1;0;0;0;0;1;0
BRILACIDIN;new MOA;17;49;2;936.92;4;33;3.68;308.5;12;12;3;20;0.03;11.91;12.25;0.69;-8.7;3;0;66;20;14;3;936.3942;0;0;0;1;0;1;0;0;1;0;0;0;1;0;0
CHLORTETRACYCLINE HYDROCHLORIDE;tetracycline;29;51;4;515.35;32;43;0.44;181.62;9;6;1;2;0.33;2.64;8.55;-2.89;-3.33;1;0;33;10;7;1;478.1143;0;0;0;1;0;1;0;0;1;0;0;0;0;0;1
OMADACYCLINE TOSYLATE;tetracycline;29;53;4;728.87;1;4;1.32;176.66;10;6;2;6;0.28;2.85;10.49;-2.18;-2.25;1;0;40;11;7;3;556.2897;0;0;0;1;0;1;0;0;1;0;0;0;0;0;1
LYMECYCLINE;tetracycline;29;57;4;602.64;2;19;-0.45;242.98;12;9;3;10;0.09;2.11;9.56;-6.6;-6.63;1;0;43;14;10;3;602.2588;0;0;0;1;0;1;0;0;1;0;0;0;0;0;1
CARUMONAM SODIUM;monobactam;16;65;0;510.37;2;3;-2.88;253.9;12;5;1;9;0.11;-2.09;3.9;-4.94;-8.09;1;0;30;16;7;2;466.0213;0;0;0;1;0;1;0;0;1;0;0;1;0;0;0
TIGECYCLINE;tetracycline;29;67;4;585.66;111;2021;0.51;205.76;11;7;3;6;0.18;2.84;8.61;-3.26;-3.41;1;0;42;13;8;3;585.2799;0;0;0;1;0;1;0;0;1;0;0;0;0;0;1
MAFENIDE;sulfonamide;28;69;4;186.24;54;269;-0.21;86.18;3;2;0;2;0.67;10.25;9.04;-0.52;-1.96;1;0;12;4;4;0;186.0463;0;0;0;1;0;1;0;0;1;0;0;0;1;0;0
OXYTETRACYCLINE HYDROCHLORIDE;tetracycline;29;72;4;496.9;38;78;-1.24;201.85;10;7;1;2;0.26;2.84;7.38;-4.5;-4.82;1;0;33;11;8;2;460.1482;0;0;0;1;0;1;0;0;1;0;0;1;0;0;0
ALEMCINAL;macrolide;15;73;0;697.95;4;5;5.2;125.38;11;2;3;8;0.33;12.82;9.35;4.56;2.62;0;0;49;11;2;3;697.4765;0;0;0;1;0;1;0;0;1;0;0;0;1;0;0
SPECTINOMYCIN;aminoglycoside;2;79;4;332.35;140;528;-2.93;129.51;9;5;0;2;0.36;8.66;9.17;-2.2;-3.09;0;0;23;9;5;0;332.1584;0;0;0;1;0;1;0;0;1;0;0;0;1;0;0
SPARSOMYCIN;pyrimidones ;23;81;0;361.45;11;28;-0.24;132.64;8;4;0;8;0.47;12.1;0.28;-0.78;-0.78;1;0;23;8;4;0;361.0766;0;0;0;1;0;1;0;0;1;0;0;0;0;1;0
LORACARBEF;cephalosporin;5;85;4;349.77;49;137;0.71;112.73;4;3;0;4;0.69;2.93;7.23;-2.4;-2.76;1;0;24;7;4;0;349.0829;0;0;0;1;0;1;0;0;1;0;0;1;0;0;0
NETILMICIN;aminoglycoside;2;87;4;475.59;152;1362;-3.2;199.73;12;8;2;8;0.18;12.55;9.8;-3.53;-10.64;0;0;33;12;11;2;475.3006;0;0;0;1;0;1;0;0;1;0;0;0;1;0;0
PAROMOMYCIN SULFATE;aminoglycoside;2;88;4;713.71;12;27;-8.86;347.32;19;13;3;9;0.11;12.15;9.59;-8.31;-13.96;0;0;42;19;18;3;615.2963;0;0;0;1;0;1;0;0;1;0;0;0;1;0;0
DEMECLOCYCLINE;tetracycline;29;89;4;464.86;23;75;0.26;181.62;9;6;1;2;0.33;2.59;8.54;-3.17;-3.61;1;0;32;10;7;1;464.0986;0;0;0;1;0;1;0;0;1;0;0;0;0;0;1
RIFAMPIN;rifampicin;27;90;4;822.95;311;6767;4.34;220.15;15;6;3;4;0.11;6.8;7.37;2.95;2.87;2;0;59;16;6;3;822.4051;0;0;0;1;0;1;0;0;1;0;0;0;0;1;0
TETRACYCLINE HYDROCHLORIDE;tetracycline;29;91;4;480.9;29;97;-0.21;181.62;9;6;1;2;0.34;2.91;8.81;-3.47;-3.7;1;0;32;10;7;1;444.1533;0;0;0;1;0;1;0;0;1;0;0;0;0;0;1
DIGITOXIN;glycoside;10;92;4;764.95;241;1079;3.25;182.83;13;5;2;7;0.19;7.18;0.24;3.6;3.18;0;0;54;13;5;2;764.4347;0;0;0;1;0;1;0;0;1;0;0;0;0;1;0
RIFAXIMIN;rifampicin;27;94;4;785.89;99;601;6.16;198.38;13;5;3;2;0.11;6.42;5.88;4.59;3.93;4;0;57;14;5;3;785.3524;0;0;0;1;0;1;0;0;1;0;0;1;0;0;0
RIFALAZIL;rifampicin;27;97;3;941.09;9;28;6.43;230.66;16;5;3;5;0.08;4.52;8.63;4.48;2.89;2;0;68;17;5;3;940.447;0;0;0;1;0;1;0;0;1;0;0;0;0;0;1
METHACYCLINE;tetracycline;29;99;4;442.42;8;34;-0.44;181.62;9;6;1;2;0.33;2.88;7.41;-3.51;-3.81;1;0;32;10;7;1;442.1376;0;0;0;1;0;1;0;0;1;0;0;1;0;0;0
OMADACYCLINE;tetracycline;29;100;4;556.66;12;70;1.32;176.66;10;6;2;6;0.28;2.85;10.49;-2.18;-2.25;1;0;40;11;7;3;556.2897;0;0;0;1;0;1;0;0;1;0;0;0;0;0;1
NIKKOMYCIN;dipeptide;7;109;1;495.45;15;162;-3.48;250.32;12;8;2;8;0.18;2.8;8.76;-5.65;-5.79;2;0;35;15;9;2;495.1601;0;0;0;1;0;1;0;0;1;0;0;0;0;0;1
CLINDAMYCIN PALMITATE HYDROCHLORIDE;lincosamide;14;110;4;699.87;1;2;6.42;108.33;8;3;2;22;0.07;12.59;7.55;7.96;7.58;0;0;44;8;3;2;662.4095;0;0;0;1;0;1;0;0;1;0;0;0;0;1;0
ERYTHROMYCIN STEARATE;macrolide;15;112;4;1018.42;3;5;1.79;193.91;14;5;2;7;0.24;12.45;8.38;2.6;1.57;0;0;51;14;5;2;733.4612;0;0;0;1;0;1;0;0;1;0;0;0;0;1;0
ERYTHROMYCIN ETHYLSUCCINATE;macrolide;15;113;4;862.06;15;1427;2.68;226.28;17;4;2;12;0.16;12.68;7.87;3.37;2.77;0;0;60;17;4;2;861.5086;0;0;0;1;0;1;0;0;1;0;0;0;0;1;0
ALVESPIMYCIN HYDROCHLORIDE;dipeptide;7;125;1;653.22;2;5;1.91;169.52;10;4;1;7;0.24;12.78;7.41;1.85;1.55;0;0;44;12;5;2;616.3472;0;0;0;1;0;1;0;0;1;0;0;0;0;1;0
PIRAZMONAM;monobactam;16;130;0;684.63;5;6;-2.93;316.19;15;7;3;10;0.07;2.82;3.53;-3.2;-6.8;2;0;46;22;8;3;684.1017;0;0;0;1;0;1;0;0;1;0;0;1;0;0;0
CARUMONAM;monobactam;16;134;0;466.41;7;96;-2.88;253.9;12;5;1;9;0.11;-2.09;3.9;-4.94;-8.09;1;0;30;16;7;2;466.0213;0;0;0;1;0;1;0;0;1;0;0;1;0;0;0
CETOCYCLINE HYDROCHLORIDE;tetracycline;29;136;0;447.87;10;13;1.27;158.15;8;5;0;1;0.35;2.45;7.86;-0.06;-0.19;2;0;30;8;6;1;411.1318;0;0;0;1;0;1;0;0;1;0;0;1;0;0;0
FLURITHROMYCIN;macrolide;15;139;0;751.93;2;19;1.88;193.91;14;5;2;7;0.24;12.45;8.38;2.43;1.41;0;0;52;14;5;2;751.4518;0;0;0;1;0;1;0;0;1;0;0;0;0;1;0
TELITHROMYCIN;ketolide;12;141;4;812.02;71;1462;4.93;171.85;14;1;2;11;0.18;8.93;7.66;5.15;4.89;2;0;58;15;1;2;811.4731;0;0;0;1;0;1;0;0;1;0;0;0;0;1;0
STREPTOMYCIN;aminoglycoside;2;142;4;581.58;268;2956;-8.16;336.43;15;12;3;9;0.07;11.23;10.07;-7.06;-11.79;0;0;40;19;16;3;581.2657;0;0;0;1;0;1;0;0;1;0;0;0;1;0;0
FRAMYCETIN;aminoglycoside;2;149;3;614.65;210;1721;-8.9;353.11;19;13;3;9;0.11;12.15;9.71;-8.42;-15.47;0;0;42;19;19;3;614.3123;0;0;0;1;0;1;0;0;1;0;0;0;1;0;0
PECOCYCLINE;tetracycline;29;150;4;585.61;212;3262;-8.42;331.94;17;13;3;10;0.11;12.16;9.61;-8.58;-15.1;0;0;40;18;17;3;585.2857;0;0;0;1;0;1;0;0;1;0;0;0;1;0;0
;undefinded;30;151;0;821.1;3;3;2.7;189.31;15;5;2;11;0.15;12.35;9.57;2.9;-0.78;0;-1;57;15;5;2;820.566;0;0;0;1;0;1;0;0;1;0;0;0;1;0;0
RIBOSTAMYCIN;aminoglycoside;2;157;0;454.48;14;69;-6.65;262.38;14;10;2;6;0.18;12.17;9.59;-6.43;-11.28;0;0;31;14;14;2;454.2275;0;0;0;1;0;1;0;0;1;0;0;0;1;0;0
;undefinded;30;159;0;763.02;3;3;2.29;180.08;14;5;2;7;0.24;12.4;9.57;2.73;-0.95;0;-1;53;14;5;2;762.5242;0;0;0;1;0;1;0;0;1;0;0;0;1;0;0
;undefinded;30;162;0;816.09;3;3;1.49;192.11;15;6;3;8;0.15;11.25;9.75;2.25;-2.04;0;-1;57;15;6;3;815.5507;0;0;0;1;0;1;0;0;1;0;0;0;1;0;0
;undefinded;30;163;0;763.02;3;3;2.34;188.87;14;6;3;8;0.2;12.35;9.77;2.86;-1.04;0;-1;53;14;6;3;762.5242;0;0;0;1;0;1;0;0;1;0;0;0;1;0;0
;undefinded;30;164;0;869.15;2;2;3.34;186.15;15;4;2;12;0.21;12.54;9.57;4.19;1.39;0;-1;61;15;4;2;868.566;0;0;0;1;0;1;0;0;1;0;0;0;1;0;0
;undefinded;30;165;0;746.98;3;3;1.97;181.17;14;5;2;7;0.19;12.54;9.77;2.46;-1.45;0;-1;52;14;5;2;746.4929;0;0;0;1;0;1;0;0;1;0;0;0;1;0;0
;undefinded;30;166;0;807.08;3;3;2.36;198.1;15;6;3;11;0.13;12.35;9.77;2.52;-1.39;0;-1;56;15;6;3;806.5504;0;0;0;1;0;1;0;0;1;0;0;0;1;0;0
;undefinded;30;167;0;773.02;3;3;1.95;188.87;14;6;3;7;0.16;11.28;9.76;2.84;-0.86;0;-1;54;14;6;3;772.5085;0;0;0;1;0;1;0;0;1;0;0;0;1;0;0
;undefinded;30;168;0;791.08;3;3;3.12;188.87;14;6;3;10;0.18;12.35;9.77;3.75;-0.16;0;-1;55;14;6;3;790.5555;0;0;0;1;0;1;0;0;1;0;0;0;1;0;0
;undefinded;30;169;0;777.05;3;3;2.73;188.87;14;6;3;9;0.19;12.35;9.77;3.31;-0.6;0;-1;54;14;6;3;776.5398;0;0;0;1;0;1;0;0;1;0;0;0;1;0;0
EPIRUBICIN HYDROCHLORIDE;anthracycline;3;182;4;579.99;240;1288;0;206.07;12;6;3;5;0.24;8;9.03;0.53;0.1;2;0;39;12;7;3;543.1741;0;0;0;1;0;1;0;0;1;0;0;0;1;0;0
ERYTHROMYCIN;macrolide;15;190;4;733.94;310;4234;1.79;193.91;14;5;2;7;0.24;12.45;8.38;2.6;1.57;0;0;51;14;5;2;733.4612;0;0;0;1;0;1;0;0;1;0;0;0;0;1;0
ISEPAMICIN;aminoglycoside;2;196;0;569.61;20;99;-7.52;297.72;16;12;3;9;0.12;11.95;13.97;-7.3;-13.18;0;0;39;17;15;3;569.2908;0;0;0;1;0;1;0;0;1;0;0;0;1;0;0
OXYTETRACYCLINE;tetracycline;29;200;4;460.44;183;717;-1.24;201.85;10;7;1;2;0.26;2.84;7.38;-4.5;-4.82;1;0;33;11;8;2;460.1482;0;0;0;1;0;1;0;0;1;0;0;1;0;0;0
NATAMYCIN;macrolide;15;201;4;665.73;137;387;0.12;230.99;13;7;3;3;0.16;3.69;9.11;-1.69;-1.7;0;0;47;14;8;3;665.3047;0;0;0;1;0;1;0;0;1;0;0;0;0;0;1
ROLITETRACYCLINE;tetracycline;29;202;0;527.57;14;47;0.47;170.87;10;6;2;4;0.3;2.91;8.18;-2.81;-2.93;1;0;38;11;6;3;527.2268;0;0;0;1;0;1;0;0;1;0;0;1;0;0;0
NEMORUBICIN;anthracycline;3;204;0;643.64;3;4;0.35;201.75;14;5;2;7;0.22;8.02;5.47;2.38;2.28;2;0;46;14;5;2;643.2265;0;0;0;1;0;1;0;0;1;0;0;0;0;1;0
SANCYCLINE;tetracycline;29;207;0;414.41;5;17;0.12;161.39;8;5;0;2;0.43;2.96;8.29;-2.6;-2.76;1;0;30;9;6;1;414.1427;0;0;0;1;0;1;0;0;1;0;0;1;0;0;0
PIRARUBICIN;anthracycline;3;209;3;627.64;5;35;1.55;204.3;13;5;2;7;0.24;7.99;9.01;2.05;1.67;2;0;45;13;6;3;627.2316;0;0;0;1;0;1;0;0;1;0;0;0;1;0;0
ERYTHROMYCIN LACTOBIONATE;macrolide;15;210;4;1092.23;1;3;1.79;193.91;14;5;2;7;0.24;12.45;8.38;2.6;1.57;0;0;51;14;5;2;733.4612;0;0;0;1;0;1;0;0;1;0;0;0;0;1;0
SUPINOXIN;new MOA;17;214;1;441.46;16;38;3.15;89.05;7;1;0;5;0.65;10.61;1.45;3.25;3.25;3;0;32;9;1;0;441.1812;0;0;0;1;0;1;0;0;1;0;0;0;0;1;0
AMPICILLIN;penicillin;19;219;4;349.41;500;7099;0.32;112.73;5;3;0;4;0.67;3.24;7.23;-2;-2.36;1;0;24;7;4;0;349.1096;0;0;0;1;0;1;0;0;1;0;0;1;0;0;0
CALCIMYCIN;new MOA;17;220;2;523.63;83;194;5.53;126.68;7;3;2;7;0.35;4.16;1.68;5.38;2.32;3;0;38;9;3;2;523.2682;0;0;0;1;0;1;0;0;1;0;0;1;0;0;0
CLINDAMYCIN PALMITATE;lincosamide;14;222;4;663.41;1;1;6.42;108.33;8;3;2;22;0.07;12.59;7.55;7.96;7.58;0;0;44;8;3;2;662.4095;0;0;0;1;0;1;0;0;1;0;0;0;0;1;0
MINOCYCLINE HYDROCHLORIDE;tetracycline;29;226;4;493.94;14;37;0.19;164.63;9;5;0;3;0.4;2.9;7.9;-2.54;-2.61;1;0;33;10;6;1;457.1849;0;0;0;1;0;1;0;0;1;0;0;1;0;0;0
ALDOXORUBICIN;anthracycline;3;231;3;750.76;3;6;0.39;267.84;15;7;3;12;0.04;8.2;9.39;0.71;0.05;2;0;54;17;8;3;750.2748;0;0;0;1;0;1;0;0;1;0;0;0;1;0;0
ERYTHROMYCIN ESTOLATE;macrolide;15;233;4;1056.4;10;22;2.75;199.98;15;4;2;9;0.25;12.68;7.87;3.74;3.14;0;0;55;15;4;2;789.4875;0;0;0;1;0;1;0;0;1;0;0;0;0;1;0
ERAVACYCLINE DIHYDROCHLORIDE;tetracycline;29;234;4;631.49;1;1;0.29;193.73;10;6;2;5;0.22;2.62;8.53;-3.27;-3.51;1;0;40;12;7;3;558.2126;0;0;0;1;0;1;0;0;1;0;0;0;0;0;1
COLIMYCIN;polymyxin;22;235;3;968.26;1;2;-3.14;386.21;14;14;3;22;0.05;11.71;10.15;-4.85;-13.23;0;0;68;23;18;3;967.6542;0;0;1;0;0;1;0;0;1;0;0;0;1;0;0
ESORUBICIN;anthracycline;3;237;0;527.53;2;2;1.03;185.84;11;5;2;5;0.3;8.01;10.13;1.24;0.69;2;0;38;11;6;3;527.1791;0;0;0;1;0;1;0;0;1;0;0;0;1;0;0
PENTISOMICIN;aminoglycoside;2;238;3;447.53;135;726;-3.85;213.72;12;8;2;6;0.2;12.55;9.59;-4.32;-11.46;0;0;31;12;12;2;447.2693;0;0;0;1;0;1;0;0;1;0;0;0;1;0;0
MINOCYCLINE;tetracycline;29;239;4;457.48;103;936;0.19;164.63;9;5;0;3;0.4;2.9;7.9;-2.54;-2.61;1;0;33;10;6;1;457.1849;0;0;0;1;0;1;0;0;1;0;0;1;0;0;0
CHLORTETRACYCLINE;tetracycline;29;243;4;478.89;124;863;0.44;181.62;9;6;1;2;0.33;2.64;8.55;-2.89;-3.33;1;0;33;10;7;1;478.1143;0;0;0;1;0;1;0;0;1;0;0;0;0;0;1
DORIPENEM;carbapenem;4;244;4;420.51;142;1974;-1.6;162.06;7;5;0;7;0.31;3.34;9.51;-5.56;-5.57;0;0;27;10;6;1;420.1137;0;0;0;1;0;1;0;0;1;0;0;0;0;0;1
;undefinded;30;245;0;803.04;3;3;1.58;198.1;15;6;3;8;0.15;11.23;9.75;2.18;-1.5;0;-1;56;15;6;3;802.5191;0;0;0;1;0;1;0;0;1;0;0;0;1;0;0
VOSAROXIN;quinolone;25;246;3;401.45;6;6;0.96;109.58;9;2;0;5;0.65;4.87;8.8;-0.43;-0.44;3;0;28;9;2;0;401.1158;0;0;0;1;0;1;0;0;1;0;0;0;0;0;1
DOXYCYCLINE HYCLATE;tetracycline;29;247;4;1025.89;1;1;-0.35;181.62;9;6;1;2;0.33;2.92;7.46;-3.29;-3.57;1;0;32;10;7;1;444.1533;0;0;0;1;0;1;0;0;1;0;0;1;0;0;0
;undefinded;30;249;0;758.99;3;3;1.56;188.87;14;6;3;7;0.16;11.31;9.76;2.01;-1.7;0;-1;53;14;6;3;758.4929;0;0;0;1;0;1;0;0;1;0;0;0;1;0;0
;undefinded;30;250;0;812.05;3;3;2.48;201.76;15;6;3;8;0.21;11.53;9.76;2.74;-1.03;1;-1;57;15;6;3;811.5194;0;0;0;1;0;1;0;0;1;0;0;0;1;0;0
;undefinded;30;251;0;787.04;3;3;2.29;180.08;14;5;2;7;0.19;11.28;14.34;3.26;-0.24;0;-1;55;14;5;2;786.5242;0;0;0;1;0;1;0;0;1;0;0;0;1;0;0
;undefinded;30;252;0;795.09;3;3;2.29;188.87;15;6;3;9;0.19;12.22;9.76;2.78;-1.13;0;-1;54;14;6;3;794.4962;0;0;0;1;0;1;0;0;1;0;0;0;1;0;0
;undefinded;30;264;0;749;3;3;1.95;188.87;14;6;3;7;0.21;12.4;9.77;2.34;-1.57;0;-1;52;14;6;3;748.5085;0;0;0;1;0;1;0;0;1;0;0;0;1;0;0
TETRACYCLINE HYDROCHLORIDE;tetracycline;29;267;0;480.9;2;2;-0.21;181.62;9;6;1;2;0.34;2.91;8.81;-3.47;-3.7;1;0;32;10;7;1;444.1533;0;0;0;1;0;1;0;0;1;0;0;0;0;0;1
SPIRAMYCIN;macrolide;15;268;4;843.06;37;113;2.33;195.38;16;4;2;11;0.17;12.53;9.26;2.5;0.02;0;0;59;16;4;2;842.514;0;0;0;1;0;1;0;0;1;0;0;0;1;0;0
RIFAPENTINE;rifampicin;27;269;4;877.04;119;620;5.65;220.15;15;6;4;5;0.09;7;7.82;3.7;3.78;2;0;63;16;6;4;876.4521;0;0;0;1;0;1;0;0;1;0;0;0;0;1;0
TROLEANDOMYCIN;macrolide;15;274;0;813.98;7;24;2.62;206.05;16;3;2;12;0.15;12.71;7.9;2.84;2.23;0;0;57;16;3;2;813.4511;0;0;0;1;0;1;0;0;1;0;0;0;0;1;0
BERYTHROMYCIN;macrolide;15;275;0;717.94;5;10;2.67;173.68;13;4;2;7;0.28;12.61;8.38;3.49;2.46;0;0;50;13;4;2;717.4663;0;0;0;1;0;1;0;0;1;0;0;0;0;1;0
RIFAMEXIL;rifampicin;27;278;0;809.98;1;1;6.5;197.21;14;5;3;5;0.14;6.45;2.75;6.12;4.97;3;0;57;14;5;3;809.3557;0;0;0;1;0;1;0;0;1;0;0;1;0;0;0
ROKITAMYCIN;macrolide;15;279;0;828.01;8;44;3.16;206.05;16;3;2;13;0.14;12.71;7.9;3.63;3.01;0;0;58;16;3;2;827.4667;0;0;0;1;0;1;0;0;1;0;0;0;0;1;0
TROSPECTOMYCIN;aminocyclitol;1;280;0;374.43;4;25;-1.76;129.51;9;5;0;5;0.38;8.66;9.17;-0.79;-1.68;0;0;26;9;5;0;374.2053;0;0;0;1;0;1;0;0;1;0;0;0;1;0;0
TETRACYCLINE;tetracycline;29;285;4;444.44;329;5051;-0.21;181.62;9;6;1;2;0.34;2.91;8.81;-3.47;-3.7;1;0;32;10;7;1;444.1533;0;0;0;1;0;1;0;0;1;0;0;0;0;0;1
ROKITAMYCIN;macrolide;15;286;3;828.01;21;114;3.01;206.05;16;3;2;12;0.15;12.71;7.9;3.22;2.6;0;0;58;16;3;2;827.4667;0;0;0;1;0;1;0;0;1;0;0;0;0;1;0
PLAZOMICIN;aminoglycoside;2;287;4;592.69;26;299;-5.36;269.29;15;11;3;13;0.09;12.39;9.76;-6.1;-14.22;0;0;41;16;14;3;592.3432;0;0;0;1;0;1;0;0;1;0;0;0;1;0;0
SINEFUNGIN;nucleoside analogue;18;288;0;381.39;18;42;-2.06;208.65;11;6;2;7;0.31;1.64;10.07;-5.14;-6.85;2;0;27;12;9;2;381.1761;0;0;0;1;0;1;0;0;1;0;0;0;0;0;1
IXABEPILONE;epothilones;8;290;4;506.71;10;26;4.05;112.05;7;3;1;2;0.52;13.85;2.73;3.39;3.39;1;0;35;7;3;1;506.2814;0;0;0;1;0;1;0;0;1;0;0;0;0;1;0
CLINDAMYCIN HYDROCHLORIDE;lincosamide;14;292;4;461.45;19;47;0.39;102.26;7;4;0;7;0.44;12.41;7.55;1.04;0.65;0;0;27;7;4;0;424.1799;0;0;0;1;0;1;0;0;1;0;0;0;0;1;0
NEMORUBICIN;anthracycline;3;297;2;643.64;2;6;-0.13;235.53;14;7;3;6;0.17;8.04;10.06;0.88;0.33;2;0;46;14;8;3;643.2265;0;0;0;1;0;1;0;0;1;0;0;0;1;0;0
MICRONOMICIN;aminoglycoside;2;298;0;463.58;2;3;-3.72;199.73;12;8;2;7;0.18;12.55;10.06;-3.55;-11.67;0;0;32;12;11;2;463.3006;0;0;0;1;0;1;0;0;1;0;0;0;1;0;0
BEKANAMYCIN;aminoglycoside;2;299;3;483.52;45;272;-7.33;288.4;15;11;2;6;0.17;12.39;9.34;-7.17;-13.11;0;0;33;15;16;2;483.254;0;0;0;1;0;1;0;0;1;0;0;0;1;0;0
OLEANDOMYCIN;macrolide;15;300;0;687.87;9;63;1.91;165.98;13;3;2;6;0.27;12.67;8.38;2.98;1.95;0;0;48;13;3;2;687.4194;0;0;0;1;0;1;0;0;1;0;0;0;0;1;0
SOLITHROMYCIN;ketolide;13;301;3;845.02;8;20;4.6;197.87;15;2;2;11;0.14;12.83;7.68;5.76;5.3;2;0;60;16;3;2;844.4746;0;0;0;1;0;1;0;0;1;0;0;0;0;1;0
SULFATHIAZOLE;sulfonamide;28;304;4;255.32;206;919;1.53;85.08;5;2;0;3;0.81;6.93;2.04;0.98;0.5;2;0;16;5;3;0;255.0136;0;0;0;1;0;1;0;0;1;0;0;0;0;1;0
NYSTATIN;polyene;21;305;4;926.11;272;1973;0.94;319.61;17;12;3;3;0.18;3.72;9.11;-1.94;-1.94;0;0;65;18;13;3;925.5035;0;0;0;1;0;1;0;0;1;0;0;0;0;0;1
PENCICLOVIR;nucleoside analogue;18;307;4;253.26;164;899;-0.9;130.31;8;4;0;5;0.54;11.59;0.94;-1.08;-1.08;2;0;18;8;5;0;253.1175;0;0;0;1;0;1;0;0;1;0;0;0;0;1;0
PUROMYCIN;nucleoside analogue;18;311;0;471.52;167;468;-0.79;160.88;11;4;1;8;0.33;12.35;8.03;-0.3;-1.02;3;0;34;12;5;1;471.223;0;0;0;1;0;1;0;0;1;0;0;0;0;1;0
KANAMYCIN SULFATE;aminoglycoside;2;312;4;582.58;26;75;-7.29;282.61;15;11;2;6;0.17;12.05;9.34;-7.06;-12.2;0;0;33;15;15;2;484.2381;0;0;0;1;0;1;0;0;1;0;0;0;1;0;0
ROSARAMICIN;macrolide;15;313;0;581.75;4;13;2.67;135.13;10;2;1;6;0.27;12.82;7.68;2.68;2.21;0;0;41;10;2;1;581.3564;0;0;0;1;0;1;0;0;1;0;0;0;0;1;0
DOXORUBICIN;anthracycline;3;314;4;543.53;1117;12254;0;206.07;12;6;3;5;0.24;8;9.03;0.53;0.1;2;0;39;12;7;3;543.1741;0;0;0;1;0;1;0;0;1;0;0;0;1;0;0
MITOXANTRONE;quinone;26;315;4;444.49;334;1706;-0.14;163.18;10;8;1;12;0.14;8.21;9.22;0.75;-1.09;2;0;32;10;8;1;444.2009;0;0;0;1;0;1;0;0;1;0;0;0;1;0;0
ESORUBICIN;anthracycline;3;316;4;527.53;268;1952;1.03;185.84;11;5;2;4;0.31;8;9.09;1.34;0.91;2;0;38;11;6;3;527.1791;0;0;0;1;0;1;0;0;1;0;0;0;1;0;0
ALVESPIMYCIN;quinone;26;318;2;616.76;37;124;1.91;169.52;10;4;1;7;0.24;12.78;7.41;1.85;1.55;0;0;44;12;5;2;616.3472;0;0;0;1;0;1;0;0;1;0;0;0;0;1;0
ERTAPENEM SODIUM;carbapenem;4;325;4;497.51;23;71;0.94;156.27;7;5;0;7;0.36;3.22;9.03;-3.23;-6.07;1;0;33;10;5;0;475.1413;0;0;0;1;0;1;0;0;1;0;0;0;0;0;1
INOSINE;nucleoside analogue;18;326;3;268.23;35;57;-2.27;133.49;8;4;0;2;0.48;8.93;0.58;-2.48;-2.49;2;0;19;9;4;0;268.0808;0;0;0;1;0;1;0;0;1;0;0;0;0;1;0
TETRODOTOXIN;new MOA;17;327;3;319.27;28;75;-5.52;190.25;11;8;2;1;0.23;10.3;9.62;-4.81;-6.55;0;0;22;11;9;2;319.1016;0;0;0;1;0;1;0;0;1;0;0;0;1;0;0
RELOMYCIN;macrolide;15;329;0;918.13;23;28;1.63;241.83;18;6;3;13;0.14;12.45;7.9;2.36;1.74;0;0;64;18;6;3;917.5348;0;0;0;1;0;1;0;0;1;0;0;0;0;1;0
DIAZEPINOMICIN;new MOA;17;330;2;462.59;9;17;6.93;93.03;5;4;1;8;0.19;8.88;0.73;7.47;7.45;2;0;34;6;4;1;462.2519;0;0;0;1;0;1;0;0;1;0;0;0;0;1;0
PUROMYCIN HYDROCHLORIDE;nucleoside analogue;18;337;0;544.44;5;10;-0.79;160.88;11;4;1;8;0.33;12.35;8.03;-0.3;-1.02;3;0;34;12;5;1;471.223;0;0;0;1;0;1;0;0;1;0;0;0;0;1;0
ZORUBICIN;anthracycline;3;343;0;645.67;3;20;2.25;210.23;12;6;3;6;0.1;8.2;9.37;2.67;2.02;3;0;47;13;7;3;645.2322;0;0;0;1;0;1;0;0;1;0;0;0;1;0;0
APRAMYCIN;aminoglycoside;2;344;0;539.58;10;67;-6.95;283.64;16;11;3;6;0.15;12.23;9.15;-6.51;-12.41;0;0;37;16;15;3;539.2803;0;0;0;1;0;1;0;0;1;0;0;0;1;0;0
ERAVACYCLINE;tetracycline;29;346;4;558.56;14;58;0.29;193.73;10;6;2;5;0.22;2.62;8.53;-3.27;-3.51;1;0;40;12;7;3;558.2126;0;0;0;1;0;1;0;0;1;0;0;0;0;0;1
LEURUBICIN;anthracycline;3;351;0;656.69;2;2;0.53;235.17;13;7;3;9;0.16;7.88;8.56;1.5;1.2;2;0;47;14;8;3;656.2581;0;0;0;1;0;1;0;0;1;0;0;0;1;0;0
TOBRAMYCIN;aminoglycoside;2;359;4;467.52;209;2338;-6.3;268.17;14;10;2;6;0.17;12.53;9.54;-6.48;-13.16;0;0;32;14;15;2;467.2591;0;0;0;1;0;1;0;0;1;0;0;0;1;0;0
;undefinded;30;365;0;817.07;3;3;1.92;189.31;15;5;2;8;0.18;11.23;14.34;2.62;-0.88;0;-1;57;15;5;2;816.5347;0;0;0;1;0;1;0;0;1;0;0;0;1;0;0
;undefinded;30;366;0;746.98;3;3;1.97;181.17;14;5;2;7;0.19;12.54;9.77;2.46;-1.45;0;-1;52;14;5;2;746.4929;0;0;0;1;0;1;0;0;1;0;0;0;1;0;0
REPROMICIN;macrolide;15;367;0;565.75;1;1;3.46;122.6;9;2;1;6;0.37;12.82;7.68;3.38;2.92;0;0;40;9;2;1;565.3615;0;0;0;1;0;1;0;0;1;0;0;0;0;1;0
KANAMYCIN;aminoglycoside;2;371;1;484.5;22;114;-7.29;282.61;15;11;2;6;0.17;12.05;9.34;-7.06;-12.2;0;0;33;15;15;2;484.2381;0;0;0;1;0;1;0;0;1;0;0;0;1;0;0
LIVIDOMYCIN;aminoglycoside;2;372;0;761.78;8;24;-10.01;406.24;23;15;3;12;0.09;12.02;9.61;-9.39;-16.04;0;0;52;23;20;3;761.3542;0;0;0;1;0;1;0;0;1;0;0;0;1;0;0
;undefinded;30;373;0;775.03;3;3;2.5;188.87;14;6;3;9;0.15;12.32;9.77;3.01;-0.9;0;-1;54;14;6;3;774.5242;0;0;0;1;0;1;0;0;1;0;0;0;1;0;0
DEMECLOCYCLINE HYDROCHLORIDE;tetracycline;29;376;4;501.32;37;69;0.26;181.62;9;6;1;2;0.33;2.59;8.54;-3.17;-3.61;1;0;32;10;7;1;464.0986;0;0;0;1;0;1;0;0;1;0;0;0;0;0;1
PIRLIMYCIN;lincosamide;14;378;0;410.96;37;105;0.05;111.05;7;5;0;6;0.39;12.41;8.88;0.58;-0.91;0;0;26;7;5;0;410.1642;0;0;0;1;0;1;0;0;1;0;0;0;1;0;0
;undefinded;30;379;0;971;2;2;-8.91;437.7;21;17;3;11;0.1;9.67;20.06;-8.35;-10.71;2;-1;69;27;19;3;970.4145;0;0;0;1;0;1;0;0;1;0;0;0;1;0;0
DAUNORUBICIN HYDROCHLORIDE;anthracycline;3;381;4;563.99;122;276;1.03;185.84;11;5;2;4;0.31;8;9.09;1.34;0.91;2;0;38;11;6;3;527.1791;0;0;0;1;0;1;0;0;1;0;0;0;1;0;0
ERTAPENEM;carbapenem;4;382;4;475.52;128;1751;0.94;156.27;7;5;0;7;0.36;3.22;9.03;-3.23;-6.07;1;0;33;10;5;0;475.1413;0;0;0;1;0;1;0;0;1;0;0;0;0;0;1
COFORMYCIN;coformycins;6;386;2;284.27;5;13;-2.21;132.36;9;5;0;2;0.42;12.37;8.3;-2.92;-3.81;1;0;20;9;5;0;284.1121;0;0;0;1;0;1;0;0;1;0;0;0;0;1;0
CYCLOSERINE;new MOA;17;388;4;102.09;79;401;-1.62;64.35;3;2;0;0;0.39;4.21;8.36;-2.42;-2.42;0;0;7;4;3;0;102.0429;0;0;0;1;0;1;0;0;1;0;0;1;0;0;0
IMIPENEM;carbapenem;4;389;4;299.35;278;6558;-0.18;113.72;5;4;0;7;0.22;3.44;11.8;-3.8;-3.8;0;0;20;7;4;0;299.094;0;0;0;1;0;1;0;0;1;0;0;0;0;0;1
DIHYDROSTREPTOMYCIN;aminoglycoside;2;392;4;583.6;3;20;-7.95;334.59;15;15;3;9;0.09;11.91;11.2;-7.35;-12.52;0;0;40;19;17;3;583.2813;0;0;0;1;0;1;0;0;1;0;0;0;1;0;0
LINCOMYCIN;lincosamide;14;393;4;406.55;138;882;-0.86;122.49;8;5;0;7;0.37;12.37;7.97;-0.32;-0.99;0;0;27;8;5;0;406.2138;0;0;0;1;0;1;0;0;1;0;0;0;0;1;0
MEROPENEM;carbapenem;4;394;4;383.47;332;5938;-0.31;110.18;6;3;0;5;0.56;3.28;9.39;-4.35;-4.36;0;0;26;8;3;0;383.1515;0;0;0;1;0;1;0;0;1;0;0;0;0;0;1
ROXITHROMYCIN;macrolide;15;396;4;837.06;143;669;2.21;216.89;17;5;2;13;0.08;12.45;9.08;3;1.32;0;0;58;17;5;2;836.5246;0;0;0;1;0;1;0;0;1;0;0;0;1;0;0
DOXORUBICIN;anthracycline;3;398;4;543.53;145;1007;0;206.07;12;6;3;5;0.24;8;9.03;0.53;0.1;2;0;39;12;7;3;543.1741;0;0;0;1;0;1;0;0;1;0;0;0;1;0;0
;undefinded;30;399;4;749;246;3370;1.9;180.08;14;5;2;7;0.24;12.43;9.57;2.44;-1.23;0;0;52;14;5;2;748.5085;0;0;0;1;0;1;0;0;1;0;0;0;1;0;0
SULFAMERAZINE;sulfonamide;28;402;4;264.31;127;319;1.17;97.97;5;2;0;3;0.81;6.99;2;0.52;0.08;2;0;18;6;3;0;264.0681;0;0;0;1;0;1;0;0;1;0;0;0;0;1;0
ACETYLDIGITOXIN;glycoside;10;403;4;806.99;1;4;3.82;188.9;14;4;2;8;0.2;7.18;0.24;4.04;3.62;0;0;57;14;4;2;806.4453;0;0;0;1;0;1;0;0;1;0;0;0;0;1;0
ERYTHROMYCIN PROPIONATE;macrolide;15;405;4;790;107;299;2.75;199.98;15;4;2;9;0.25;12.68;7.87;3.74;3.14;0;0;55;15;4;2;789.4875;0;0;0;1;0;1;0;0;1;0;0;0;0;1;0
ZORUBICIN HYDROCHLORIDE;anthracycline;3;413;0;682.13;5;15;2.25;210.23;12;6;3;6;0.1;8.2;9.37;2.67;2.02;3;0;47;13;7;3;645.2322;0;0;0;1;0;1;0;0;1;0;0;0;1;0;0
OLEANDOMYCIN PHOSPHATE;macrolide;15;414;0;785.86;2;2;1.91;165.98;13;3;2;6;0.27;12.67;8.38;2.98;1.95;0;0;48;13;3;2;687.4194;0;0;0;1;0;1;0;0;1;0;0;0;0;1;0
DETORUBICIN;anthracycline;3;435;0;673.67;2;19;0.95;230.6;15;5;2;11;0.11;8;9.03;1.86;1.43;2;0;48;15;6;3;673.2371;0;0;0;1;0;1;0;0;1;0;0;0;1;0;0
KITASAMYCIN;macrolide;15;437;0;785.97;108;274;2.44;199.98;15;4;2;11;0.18;12.68;7.9;2.78;2.16;0;0;55;15;4;2;785.4562;0;0;0;1;0;1;0;0;1;0;0;0;0;1;0
VIOMYCIN;peptide;20;438;4;685.7;4;13;-8.88;392.86;15;15;3;10;0.09;8.99;22.11;-10.98;-16.45;0;0;48;23;19;3;685.3256;0;0;1;0;0;1;0;0;1;0;0;0;1;0;0
DIHYDROSTREPTOMYCIN SULFATE;aminoglycoside;2;440;4;1461.43;3;3;-7.95;334.59;15;15;3;9;0.09;11.91;11.2;-7.35;-12.52;0;0;40;19;17;3;583.2813;0;0;0;1;0;1;0;0;1;0;0;0;1;0;0
IMIPENEM;carbapenem;4;443;4;317.37;41;134;-0.18;113.72;5;4;0;7;0.22;3.44;11.8;-3.8;-3.8;0;0;20;7;4;0;299.094;0;0;0;1;0;1;0;0;1;0;0;0;0;0;1
;undefinded;30;444;0;982.31;4;5;0.95;391.75;16;14;3;3;0.12;3.27;7.13;-3.28;-3.98;5;-1;70;23;16;3;981.222;0;0;0;1;0;1;0;0;1;0;0;1;0;0;0
;undefinded;30;447;0;878.16;3;3;3.92;185.01;15;5;2;8;0.24;11.79;9.57;4.34;0.66;2;-1;62;15;5;2;877.5664;0;0;0;1;0;1;0;0;1;0;0;0;1;0;0
13-DEOXYDOXORUBICIN;anthracycline;3;448;2;529.54;3;12;0.82;189;11;6;3;5;0.26;8.21;9.39;0.66;0;2;0;38;11;7;3;529.1948;0;0;0;1;0;1;0;0;1;0;0;0;1;0;0
ERYTHROMYCIN ACISTRATE;macrolide;15;449;0;1060.46;1;18;2.36;199.98;15;4;2;8;0.26;12.68;7.87;3.04;2.44;0;0;54;15;4;2;775.4718;0;0;0;1;0;1;0;0;1;0;0;0;0;1;0
ARBEKACIN;aminoglycoside;2;456;0;552.63;17;113;-6.4;297.27;15;11;3;10;0.12;12.38;9.91;-6.85;-15.61;0;0;38;16;16;3;552.3119;0;0;0;1;0;1;0;0;1;0;0;0;1;0;0
CARUBICIN;anthracycline;3;458;0;513.5;31;72;0.73;196.84;11;6;3;3;0.27;7.78;9.95;1.76;1.53;2;0;37;11;7;3;513.1635;0;0;0;1;0;1;0;0;1;0;0;0;1;0;0
RETASPIMYCIN;rifampicin;27;459;3;587.71;4;8;4.16;172.6;9;6;2;6;0.16;9.62;4.55;3.8;3.79;1;0;42;11;7;3;587.3207;0;0;0;1;0;1;0;0;1;0;0;0;0;1;0
CARUBICIN;anthracycline;3;460;0;513.5;1;2;-0.01;196.84;11;6;3;4;0.26;8.02;9.94;0.69;0.24;2;0;37;11;7;3;513.1635;0;0;0;1;0;1;0;0;1;0;0;0;1;0;0
MODITHROMYCIN;macrolide;15;462;2;841.02;12;245;3.7;205.72;16;2;2;8;0.22;9.78;8.36;4.11;3.25;2;0;60;17;2;2;840.4633;0;0;0;1;0;1;0;0;1;0;0;0;0;1;0
CLINDAMYCIN;lincosamide;14;463;4;424.99;283;3601;0.39;102.26;7;4;0;7;0.44;12.41;7.55;1.04;0.65;0;0;27;7;4;0;424.1799;0;0;0;1;0;1;0;0;1;0;0;0;0;1;0
TEBIPENEM;carbapenem;4;465;0;383.5;8;33;0.66;93.44;7;2;0;4;0.69;3.22;6.27;-2.1;-3.17;0;0;25;7;2;0;383.0973;0;0;0;1;0;1;0;0;1;0;0;1;0;0;0
CLARITHROMYCIN;macrolide;15;469;4;747.96;223;3080;2.44;182.91;14;4;2;8;0.27;12.46;8.38;3.24;2.22;0;0;52;14;4;2;747.4769;0;0;0;1;0;1;0;0;1;0;0;0;0;1;0
DIBEKACIN;aminoglycoside;2;470;0;451.52;11;59;-5.27;247.94;13;9;2;6;0.18;12.54;9.8;-5.33;-12.72;0;0;31;13;14;2;451.2642;0;0;0;1;0;1;0;0;1;0;0;0;1;0;0
ASTROMICIN;aminoglycoside;2;471;0;405.5;106;283;-3.59;192.54;10;6;1;6;0.26;13.16;9.8;-3.96;-9.73;0;0;28;11;10;2;405.2587;0;0;0;1;0;1;0;0;1;0;0;0;1;0;0
CHLORTETRACYCLINE;tetracycline;29;473;4;478.89;47;92;-0.44;181.62;9;6;1;2;0.33;2.88;7.41;-3.51;-3.81;1;0;32;10;7;1;442.1376;0;0;0;1;0;1;0;0;1;0;0;1;0;0;0
;undefinded;30;477;0;817.1;3;3;3.15;188.87;15;6;3;8;0.21;11.75;9.76;3.62;-0.29;1;-1;56;14;6;3;816.4806;0;0;0;1;0;1;0;0;1;0;0;0;1;0;0
;undefinded;30;478;0;811.07;3;3;3.09;188.87;14;6;3;8;0.21;12.01;9.76;3.71;-0.2;1;-1;57;14;6;3;810.5242;0;0;0;1;0;1;0;0;1;0;0;0;1;0;0
;undefinded;30;479;0;812.05;3;3;2.48;201.76;15;6;3;8;0.21;11.87;9.76;2.49;-1.42;1;-1;57;15;6;3;811.5194;0;0;0;1;0;1;0;0;1;0;0;0;1;0;0
;undefinded;30;480;0;461.56;15;30;-3.59;199.73;12;8;2;7;0.19;12.55;9.75;-3.89;-11.1;0;-1;32;12;11;2;461.2849;0;0;0;1;0;1;0;0;1;0;0;0;1;0;0
;undefinded;30;482;0;909.96;3;3;-4.32;362.14;17;13;3;10;0.07;10.08;20.62;-4.28;-7.59;4;-1;66;23;15;3;909.3882;0;0;1;0;0;1;0;1;0;0;0;0;1;0;0
TETRACYCLINE;tetracycline;29;485;0;444.44;1;1;-0.21;181.62;9;6;1;2;0.34;2.91;8.81;-3.47;-3.7;1;0;32;10;7;1;444.1533;0;0;0;1;0;1;0;0;1;0;0;0;0;0;1
ACYCLOVIR;nucleoside analogue;18;486;4;225.21;261;3162;-0.92;119.31;8;3;0;4;0.58;11.58;1.01;-0.56;-0.56;2;0;16;8;4;0;225.0862;0;0;0;1;0;1;0;0;1;0;0;0;0;1;0
AMPHOTERICIN B;macrolide;15;487;4;924.09;404;7563;0.71;319.61;17;12;3;3;0.17;3.69;9.12;-2.3;-2.31;0;0;65;18;13;3;923.4878;0;0;0;1;0;1;0;0;1;0;0;0;0;0;1
BEDAQUILINE;diarylquinoline;24;488;4;555.52;57;394;7.13;45.59;4;1;2;8;0.22;13.61;8.91;7.13;5.61;5;0;37;4;1;2;554.1569;0;0;0;1;0;1;0;0;1;0;0;0;1;0;0
RIFABUTIN;rifampicin;27;490;4;847.02;130;1039;4.62;205.55;14;5;2;4;0.26;6.88;7.87;3.88;3.94;1;0;61;15;5;2;846.4415;0;0;0;1;0;1;0;0;1;0;0;0;0;1;0
RETASPIMYCIN HYDROCHLORIDE;undefinded;30;505;3;624.18;8;19;4.16;172.6;9;6;2;6;0.16;9.62;4.55;3.8;3.79;1;0;42;11;7;3;587.3207;0;0;0;1;0;1;0;0;1;0;0;0;0;1;0
STREPTOMYCIN SULFATE;aminoglycoside;2;512;4;1457.4;11;38;-8.16;336.43;15;12;3;9;0.07;11.23;10.07;-7.06;-11.79;0;0;40;19;16;3;581.2657;0;0;0;1;0;1;0;0;1;0;0;0;1;0;0
BETAMICIN;aminoglycoside;2;513;0;482.53;1;3;-6;248.39;14;10;2;6;0.17;12.05;9.59;-5.72;-11.26;0;0;33;14;13;2;482.2588;0;0;0;1;0;1;0;0;1;0;0;0;1;0;0
CLINDAMYCIN PHOSPHATE;lincosamide;14;517;4;504.97;5;11;0.51;148.79;8;5;1;9;0.22;0.71;7.55;-0.57;-2.35;0;0;31;10;5;1;504.1462;0;0;0;1;0;1;0;0;1;0;0;1;0;0;0
SISOMICIN SULFATE;aminoglycoside;2;519;0;1385.46;2;3;-3.85;213.72;12;8;2;6;0.2;12.55;9.59;-4.32;-11.46;0;0;31;12;12;2;447.2693;0;0;0;1;0;1;0;0;1;0;0;0;1;0;0
SULFANILAMIDE;sulfonamide;28;530;4;172.21;183;1281;-0.08;86.18;3;2;0;1;0.58;10.99;2.27;-0.25;-0.25;1;0;11;4;4;0;172.0306;0;0;0;1;0;1;0;0;1;0;0;0;0;1;0
AZOTOMYCIN;peptide;20;543;0;453.41;2;2;-2.47;265.76;7;5;0;16;0.09;1.96;9.03;-5.99;-10.53;0;0;32;15;6;2;453.1608;0;0;0;1;0;1;0;0;1;0;0;0;0;0;1
MIOCAMYCIN;macrolide;15;546;0;898.05;8;57;3.91;218.19;18;1;2;14;0.15;12.75;7.9;4.07;3.45;0;0;63;18;1;2;897.4722;0;0;0;1;0;1;0;0;1;0;0;0;0;1;0
;undefinded;30;549;0;864.13;3;3;3.58;193.8;15;6;3;8;0.21;11.79;9.76;3.95;0.04;2;-1;61;15;6;3;863.5507;0;0;0;1;0;1;0;0;1;0;0;0;1;0;0
;undefinded;30;550;0;830.11;3;3;1.84;183.32;15;5;2;8;0.18;11.25;14.34;2.69;-1.42;0;-1;58;15;5;2;829.5664;0;0;0;1;0;1;0;0;1;0;0;0;1;0;0
;undefinded;30;551;0;801.03;3;3;2.68;202.01;15;6;3;8;0.21;11.27;9.76;2.55;-1.14;1;-1;56;15;6;3;800.5034;0;0;0;1;0;1;0;0;1;0;0;0;1;0;0
;undefinded;30;552;0;829.09;3;3;2.16;197.9;16;5;2;8;0.24;11.3;14.34;2.41;-1.1;1;-1;58;16;5;2;828.546;0;0;0;1;0;1;0;0;1;0;0;0;1;0;0
;undefinded;30;553;0;779.02;3;3;1.31;209.1;15;7;3;9;0.16;12.32;9.77;1.36;-2.55;0;-1;54;15;7;3;778.5191;0;0;0;1;0;1;0;0;1;0;0;0;1;0;0
PANIPENEM;carbapenem;4;554;0;339.42;54;162;0.7;104.93;5;3;0;4;0.4;3.51;12.21;-3.56;-3.56;0;0;23;7;3;0;339.1253;0;0;0;1;0;1;0;0;1;0;0;0;0;0;1
IDARUBICIN;anthracycline;3;564;4;497.5;174;1270;1.02;176.61;10;5;0;3;0.33;8.02;9.18;1.51;1.06;2;0;36;10;6;1;497.1686;0;0;0;1;0;1;0;0;1;0;0;0;1;0;0
NOGALAMYCIN;anthracycline;3;566;0;787.81;5;11;1.14;229.44;17;5;2;7;0.21;7.56;6.71;2.22;2.2;2;0;56;17;5;2;787.3051;0;0;0;1;0;1;0;0;1;0;0;0;0;1;0
ACLARUBICIN;anthracycline;3;567;2;811.88;115;299;3.16;217.05;16;4;2;9;0.23;7.47;8.64;3.98;3.95;2;0;58;16;4;2;811.3415;0;0;0;1;0;1;0;0;1;0;0;0;1;0;0
13-DEOXYDOXORUBICIN;anthracycline;3;569;0;529.54;17;19;0.82;189;11;6;3;4;0.26;8.2;9.39;1.01;0.35;2;-1;38;11;7;3;529.1948;0;0;0;1;0;1;0;0;1;0;0;0;1;0;0
AMRUBICIN HYDROCHLORIDE;anthracycline;3;572;3;519.93;3;9;0.63;176.61;10;5;0;3;0.33;8.1;7.02;1.74;1.81;2;0;35;10;6;1;483.1529;0;0;0;1;0;1;0;0;1;0;0;0;0;1;0
TETRACYCLINE;tetracycline;29;573;4;444.44;244;2098;-0.35;181.62;9;6;1;2;0.33;2.92;7.46;-3.29;-3.57;1;0;32;10;7;1;444.1533;0;0;0;1;0;1;0;0;1;0;0;1;0;0;0
TOMOPENEM;carbapenem;4;574;0;537.64;56;617;-1.85;192.39;8;6;2;8;0.12;3.63;11.2;-5.46;-5.97;0;0;37;13;7;3;537.237;0;0;0;1;0;1;0;0;1;0;0;0;0;0;1
;undefinded;30;576;0;761.01;3;3;2.11;188.87;14;6;3;8;0.16;12.18;14.35;2.72;-1.19;0;-1;53;14;6;3;760.5085;0;0;0;1;0;1;0;0;1;0;0;0;1;0;0
SPECTINOMYCIN HYDROCHLORIDE;aminocyclitol;1;585;4;495.35;2;3;-2.93;129.51;9;5;0;2;0.36;8.66;9.17;-2.2;-3.09;0;0;23;9;5;0;332.1584;0;0;0;1;0;1;0;0;1;0;0;0;1;0;0
VIOMYCIN SULFATE;peptide;20;603;4;783.78;1;1;-8.88;392.86;15;15;3;10;0.09;8.99;22.11;-10.98;-16.45;0;0;48;23;19;3;685.3256;0;0;1;0;0;1;0;0;1;0;0;0;1;0;0
NETILMICIN SULFATE;aminoglycoside;2;604;4;1441.57;1;1;-3.2;199.73;12;8;2;8;0.18;12.55;9.8;-3.53;-10.64;0;0;33;12;11;2;475.3006;0;0;0;1;0;1;0;0;1;0;0;0;1;0;0
CETHROMYCIN;ketolide;13;605;3;765.95;8;122;5.11;162.82;12;2;3;8;0.27;8.93;7.66;6.12;5.86;2;0;55;13;2;3;765.42;0;0;0;1;0;1;0;0;1;0;0;0;0;1;0
AMIKACIN SULFATE;aminoglycoside;2;610;4;781.77;4;4;-8.42;331.94;17;13;3;10;0.11;12.16;9.61;-8.58;-15.1;0;0;40;18;17;3;585.2857;0;0;0;1;0;1;0;0;1;0;0;0;1;0;0
